{
    "parent": "lost_aether_content:item/shield_of_emile",
    "gui_light": "front",
    "textures": {
		"0": "lost_aether_content:item/aether_shields",
		"particle": "aether_redux:block/construction/veridium_block"
	},
    "display": {
		"thirdperson_righthand": {
			"rotation": [50, 0, 0],
			"translation": [0.75, 0.25, -7.75]
		},
		"thirdperson_lefthand": {
			"rotation": [50, 0, 0],
			"translation": [0.25, 0.25, -7.75]
		},
		"firstperson_righthand": {
			"rotation": [0, 1, 10],
			"translation": [0, -9.25, -2.25],
			"scale": [1.25, 1.25, 1.25]
		},
		"firstperson_lefthand": {
			"rotation": [0, 1, 10],
			"translation": [0, -9.25, -2.25],
			"scale": [1.25, 1.25, 1.25]
		},
		"ground": {
			"translation": [0, 4, 0],
			"scale": [0.25, 0.25, 0.25]
		},
		"gui": {
			"rotation": [8, 165, 7],
			"translation": [-1, -3.25, 0],
			"scale": [0.65, 0.65, 0.65]
		},
		"fixed": {
			"translation": [0, -2, -1.75],
			"scale": [0.55, 0.55, 0.55]
		}
    }
}
