{
	"credit": "Made with Blockbench",
	"textures": {
		"0": "lost_aether_content:item/aether_shields"
	},
	"elements": [
		{
			"name": "shield",
			"from": [2, 2, 8],
			"to": [14, 18, 9],
			"faces": {
				"north": {"uv": [0, 0, 1.5, 2], "texture": "#0"},
				"east": {"uv": [0, 0, 0.125, 2], "texture": "#0"},
				"south": {"uv": [1.5, 0, 3, 2], "texture": "#0"},
				"west": {"uv": [2.875, 0, 3, 2], "texture": "#0"},
				"up": {"uv": [0.75, 0, 2.25, 0.125], "texture": "#0"},
				"down": {"uv": [0, 1.875, 1.5, 2], "texture": "#0"}
			}
		},
		{
			"name": "handle",
			"from": [7, 7, 9],
			"to": [9, 13, 15],
			"faces": {
				"north": {"uv": [9.5, 1.5, 10, 3], "texture": "#0"},
				"east": {"uv": [3, 0.75, 3.75, 1.5], "texture": "#0"},
				"south": {"uv": [3.75, 0.75, 4, 1.5], "texture": "#0"},
				"west": {"uv": [3, 0.75, 3.75, 1.5], "texture": "#0"},
				"up": {"uv": [3.75, 0.75, 4, 1.5], "texture": "#0"},
				"down": {"uv": [3.75, 0, 4.25, 0.75], "texture": "#0"}
			}
		}
	],
	"gui_light": "front",
	"overrides": [
		{"predicate": {"blocking": 1}, "model": "lost_aether_content:item/zanite_shield_blocking"}
	],
	"display": {
		"thirdperson_righthand": {
			"rotation": [-135, -89.75, -145.5],
			"translation": [4, -4.25, 1.5]
		},
		"thirdperson_lefthand": {
			"rotation": [-135, -89.75, -145.5],
			"translation": [4, -4.25, 1.5]
		},
		"firstperson_righthand": {
			"rotation": [0, 0, 5],
			"translation": [2.75, -7.5, -3.75],
			"scale": [1.25, 1.25, 1.25]
		},
		"firstperson_lefthand": {
			"rotation": [0, 0, 5],
			"translation": [0.75, -6.75, -2.25],
			"scale": [1.25, 1.25, 1.25]
		},
		"ground": {
			"translation": [0, 4, 0],
			"scale": [0.25, 0.25, 0.25]
		},
		"gui": {
			"rotation": [8, 145, 7],
			"translation": [-1, -1.5, 0],
			"scale": [0.7, 0.7, 0.7]
		},
		"fixed": {
			"translation": [0, 0, -1.75],
			"scale": [0.55, 0.55, 0.55]
		}
	}
}