{
    "parent": "lost_aether_content:item/zanite_shield",
    "gui_light": "front",
    "textures": {
		"0": "lost_aether_content:item/aether_shields",
		"particle": "aether:item/zanite_gemstone"
	},
    "display": {
		"thirdperson_righthand": {
			"rotation": [50, 0, 0],
			"translation": [0.25, 1.5, -4]
		},
		"thirdperson_lefthand": {
			"rotation": [50, 0, 0],
			"translation": [0.25, 1.5, -4]
		},
		"firstperson_righthand": {
			"rotation": [0, 1, 10],
			"translation": [-3.5, -3, -2.25],
			"scale": [1.25, 1.25, 1.25]
		},
		"firstperson_lefthand": {
			"rotation": [0, 1, 10],
			"translation": [-3.5, -3, -2.25],
			"scale": [1.25, 1.25, 1.25]
		},
		"ground": {
			"translation": [0, 4, 0],
			"scale": [0.25, 0.25, 0.25]
		},
		"gui": {
			"rotation": [8, 145, 7],
			"translation": [-1, -1.5, 0],
			"scale": [0.7, 0.7, 0.7]
		},
		"fixed": {
			"translation": [0, 0, -1.75],
			"scale": [0.55, 0.55, 0.55]
		}
    }
}
