{
  "casting.start_pattern": {
    "subtitle": "hexcasting.subtitles.start_pattern",
    "sounds": [
      {
        "name": "hexcasting:add_line",
        "volume": 1.0,
        "pitch": 0.8
      },
      {
        "name": "hexcasting:add_line",
        "volume": 1.0,
        "pitch": 1.0
      },
      {
        "name": "hexcasting:add_line",
        "volume": 1.0,
        "pitch": 1.1
      },
      {
        "name": "hexcasting:add_line",
        "volume": 1.0,
        "pitch": 1.25
      },
      {
        "name": "hexcasting:add_line",
        "volume": 1.0,
        "pitch": 0.95
      },
      {
        "name": "hexcasting:add_line2",
        "volume": 1.0,
        "pitch": 1.0
      },
      {
        "name": "hexcasting:add_line2",
        "volume": 1.0,
        "pitch": 1.1
      },
      {
        "name": "hexcasting:add_line2",
        "volume": 1.0,
        "pitch": 1.25
      }
    ]
  },
  "casting.add_line": {
    "subtitle": "hexcasting.subtitles.add_line",
    "sounds": [
      {
        "name": "hexcasting:add_line",
        "volume": 1.0,
        "pitch": 0.8
      },
      {
        "name": "hexcasting:add_line",
        "volume": 1.0,
        "pitch": 1.0
      },
      {
        "name": "hexcasting:add_line",
        "volume": 1.0,
        "pitch": 1.1
      },
      {
        "name": "hexcasting:add_line",
        "volume": 1.0,
        "pitch": 1.25
      },
      {
        "name": "hexcasting:add_line",
        "volume": 1.0,
        "pitch": 0.95
      },
      {
        "name": "hexcasting:add_line2",
        "volume": 1.0,
        "pitch": 1.0
      },
      {
        "name": "hexcasting:add_line2",
        "volume": 1.0,
        "pitch": 1.1
      },
      {
        "name": "hexcasting:add_line2",
        "volume": 1.0,
        "pitch": 1.25
      }
    ]
  },
  "casting.add_pattern": {
    "subtitle": "hexcasting.subtitles.add_pattern",
    "sounds": [
      {"name": "hexcasting:add_pattern","volume": 1.0,"pitch": 1.0},
      {"name": "hexcasting:add_pattern","volume": 1.0,"pitch": 0.95},
      {"name": "hexcasting:add_pattern","volume": 1.0,"pitch": 1.05},
      {"name": "hexcasting:add_pattern2","volume": 1.0,"pitch": 1.0},
      {"name": "hexcasting:add_pattern2","volume": 1.0,"pitch": 0.95},
      {"name": "hexcasting:add_pattern2","volume": 1.0,"pitch": 1.05},
      {"name": "hexcasting:add_pattern3","volume": 1.0,"pitch": 1.0},
      {"name": "hexcasting:add_pattern3","volume": 1.0,"pitch": 0.95},
      {"name": "hexcasting:add_pattern3","volume": 1.0,"pitch": 1.05}
    ]
  },
  "casting.fail_pattern": {
    "subtitle": "hexcasting.subtitles.fail_pattern",
    "sounds": [
      {"name": "hexcasting:fail_pattern","volume": 1.0,"pitch": 1.0},
      {"name": "hexcasting:fail_pattern","volume": 1.0,"pitch": 0.95},
      {"name": "hexcasting:fail_pattern","volume": 1.0,"pitch": 1.05},
      {"name": "hexcasting:fail_pattern2","volume": 1.0,"pitch": 1.0},
      {"name": "hexcasting:fail_pattern2","volume": 1.0,"pitch": 1.2},
      {"name": "hexcasting:fail_pattern2","volume": 1.0,"pitch": 1.1},
      {"name": "hexcasting:fail_pattern3","volume": 1.0,"pitch": 1.0},
      {"name": "hexcasting:fail_pattern3","volume": 1.0,"pitch": 0.95},
      {"name": "hexcasting:fail_pattern3","volume": 1.0,"pitch": 1.05},
      {"name": "hexcasting:fail_pattern4","volume": 1.0,"pitch": 1.0},
      {"name": "hexcasting:fail_pattern4","volume": 1.0,"pitch": 0.95},
      {"name": "hexcasting:fail_pattern4","volume": 1.0,"pitch": 1.1}
    ]
  },
  "casting.ambiance": {
    "subtitle": "hexcasting.subtitles.ambiance",
    "sounds": [
      "hexcasting:casting_ambiance"
    ]
  },
  "casting.cast": {
    "subtitle": "hexcasting.subtitles.cast",
    "sounds": [
      {"name": "hexcasting:cast_hex","volume": 1.0,"pitch": 1.0},
      {"name": "hexcasting:cast_hex","volume": 1.0,"pitch": 0.95},
      {"name": "hexcasting:cast_hex","volume": 1.0,"pitch": 1.05},
      {"name": "hexcasting:cast_hex2","volume": 1.0,"pitch": 1.0},
      {"name": "hexcasting:cast_hex2","volume": 1.0,"pitch": 0.95},
      {"name": "hexcasting:cast_hex2","volume": 1.0,"pitch": 1.05},
      {"name": "hexcasting:cast_hex3","volume": 1.0,"pitch": 1.0},
      {"name": "hexcasting:cast_hex3","volume": 1.0,"pitch": 0.95},
      {"name": "hexcasting:cast_hex3","volume": 1.0,"pitch": 1.05},
      {"name": "hexcasting:cast_hex4","volume": 1.0,"pitch": 1.0},
      {"name": "hexcasting:cast_hex4","volume": 1.0,"pitch": 0.95},
      {"name": "hexcasting:cast_hex4","volume": 1.0,"pitch": 1.05},
      {"name": "hexcasting:cast_hex5","volume": 1.0,"pitch": 1.0},
      {"name": "hexcasting:cast_hex5","volume": 1.0,"pitch": 0.95},
      {"name": "hexcasting:cast_hex5","volume": 1.0,"pitch": 1.05},
      {"name": "hexcasting:cast_hex6","volume": 1.0,"pitch": 1.0},
      {"name": "hexcasting:cast_hex6","volume": 1.0,"pitch": 0.95},
      {"name": "hexcasting:cast_hex6","volume": 1.0,"pitch": 1.05}
    ]
  },
  "casting.hermes": {
    "subtitle": "hexcasting.subtitles.cast",
    "sounds": [
      "hexcasting:hermes"
    ]
  },
  "casting.thoth": {
    "subtitle": "hexcasting.subtitles.cast",
    "sounds": [
      "hexcasting:thoth"
    ]
  },
  "abacus": {
    "subtitle": "hexcasting.subtitles.abacus",
    "sounds": [
      "hexcasting:abacus1",
      "hexcasting:abacus2",
      "hexcasting:abacus3"
    ]
  },
  "abacus.shake": {
    "subtitle": "hexcasting.subtitles.abacus.shake",
    "sounds": [
      "hexcasting:abacus_shake"
    ]
  },
  "spellcircle.find_block": {
    "sounds": [
      {
        "name": "hexcasting:add_pattern",
        "pitch": 0.8
      }
    ],
    "subtitle": "hexcasting.subtitles.spellcircle.add_pattern"
  },
  "spellcircle.fail": {
    "sounds": [
      {
        "name": "hexcasting:fail_pattern",
        "pitch": 0.8
      }
    ],
    "subtitle": "hexcasting.subtitles.spellcircle.fail"
  },
  "spellcircle.cast": {
    "sounds": [
      "hexcasting:cast_hex"
    ],
    "subtitle": "hexcasting.subtitles.spellcircle.cast"
  },
  "scroll.dust": {
    "sounds": [
      "minecraft:dig/sand1",
      "minecraft:dig/sand2",
      "minecraft:dig/sand3",
      "minecraft:dig/sand4"
    ],
    "subtitle": "hexcasting.subtitles.scroll.dust"
  },
  "scroll.scribble": {
    "sounds": [
      "minecraft:item/book/open_flip1",
      "minecraft:item/book/open_flip2",
      "minecraft:item/book/open_flip3"
    ],
    "subtitle": "hexcasting.subtitles.scroll.scribble"
  },
  "impetus.fletcher.tick": {
    "sounds": [
      "minecraft:note/hat"
    ],
    "subtitle": "hexcasting.subtitles.impetus.fletcher.tick"
  },
  "impetus.cleric.register": {
    "sounds": [
      "minecraft:random/orb"
    ],
    "subtitle": "hexcasting.subtitles.impetus.cleric.register"
  },
  "lore_fragment.read": {
    "sounds": [
      "block/enchantment_table/enchant1",
      "block/enchantment_table/enchant2",
      "block/enchantment_table/enchant3"
    ],
    "subtitle": "hexcasting.subtitles.lore_fragment.read"
  }
}